ID,Dice Front Aladin,Dice Front F3D,Dice Back Aladin,Dice Back F3D
2455,0.6408909089336029,0.723308451616925,0.6694755986662625,0.7285799658113323
4669,0.7097390831983883,0.8882389046431963,0.7051842221656324,0.8911508408414461
4962,0.7635415323705903,0.847613732410269,0.787234920003084,0.8763878688773683
9492,0.6042530190046805,0.7147693661841973,0.5938675261901925,0.7079769266219987
